{"train_cost": 0.756201044639663, "train_acc": 0.73142, "val_cost": 0.5594863980818706, "val_acc": 0.7949000000953674, "_timestamp": 1648295542, "_runtime": 8, "_step": 0}