{"train_cost": 0.1809881881279561, "train_acc": 0.93554, "val_cost": 0.32742399594206717, "val_acc": 0.8867999911308289, "_timestamp": 1648295923, "_runtime": 315, "_step": 57}